--
-- PostgreSQL database dump
--

-- Dumped from database version 10.6 (Ubuntu 10.6-1.pgdg16.04+1)
-- Dumped by pg_dump version 11.1

SET statement_timeout = 0;
SET lock_timeout = 0;
SET idle_in_transaction_session_timeout = 0;
SET client_encoding = 'UTF8';
SET standard_conforming_strings = on;
SELECT pg_catalog.set_config('search_path', '', false);
SET check_function_bodies = false;
SET client_min_messages = warning;
SET row_security = off;

ALTER TABLE IF EXISTS ONLY public.rooms DROP CONSTRAINT IF EXISTS fk_rails_aad715f1d9;
DROP INDEX IF EXISTS public.index_teams_on_event_id;
DROP INDEX IF EXISTS public.index_rooms_on_event_id;
DROP INDEX IF EXISTS public.index_qualifiers_on_event_id;
DROP INDEX IF EXISTS public.index_matches_on_team_id;
DROP INDEX IF EXISTS public.index_matches_on_opponent_id;
DROP INDEX IF EXISTS public.index_events_on_held_on;
ALTER TABLE IF EXISTS ONLY public.teams DROP CONSTRAINT IF EXISTS teams_pkey;
ALTER TABLE IF EXISTS ONLY public.schema_migrations DROP CONSTRAINT IF EXISTS schema_migrations_pkey;
ALTER TABLE IF EXISTS ONLY public.rooms DROP CONSTRAINT IF EXISTS rooms_pkey;
ALTER TABLE IF EXISTS ONLY public.qualifiers DROP CONSTRAINT IF EXISTS qualifiers_pkey;
ALTER TABLE IF EXISTS ONLY public.matches DROP CONSTRAINT IF EXISTS matches_pkey;
ALTER TABLE IF EXISTS ONLY public.events DROP CONSTRAINT IF EXISTS events_pkey;
ALTER TABLE IF EXISTS ONLY public.ar_internal_metadata DROP CONSTRAINT IF EXISTS ar_internal_metadata_pkey;
ALTER TABLE IF EXISTS public.teams ALTER COLUMN id DROP DEFAULT;
ALTER TABLE IF EXISTS public.rooms ALTER COLUMN id DROP DEFAULT;
ALTER TABLE IF EXISTS public.qualifiers ALTER COLUMN id DROP DEFAULT;
ALTER TABLE IF EXISTS public.matches ALTER COLUMN id DROP DEFAULT;
ALTER TABLE IF EXISTS public.events ALTER COLUMN id DROP DEFAULT;
DROP SEQUENCE IF EXISTS public.teams_id_seq;
DROP TABLE IF EXISTS public.teams;
DROP TABLE IF EXISTS public.schema_migrations;
DROP SEQUENCE IF EXISTS public.rooms_id_seq;
DROP TABLE IF EXISTS public.rooms;
DROP SEQUENCE IF EXISTS public.qualifiers_id_seq;
DROP TABLE IF EXISTS public.qualifiers;
DROP SEQUENCE IF EXISTS public.matches_id_seq;
DROP TABLE IF EXISTS public.matches;
DROP SEQUENCE IF EXISTS public.events_id_seq;
DROP TABLE IF EXISTS public.events;
DROP TABLE IF EXISTS public.ar_internal_metadata;
SET default_tablespace = '';

SET default_with_oids = false;

--
-- Name: ar_internal_metadata; Type: TABLE; Schema: public; Owner: dxclrvaixvstmr
--

CREATE TABLE public.ar_internal_metadata (
    key character varying NOT NULL,
    value character varying,
    created_at timestamp without time zone NOT NULL,
    updated_at timestamp without time zone NOT NULL
);


ALTER TABLE public.ar_internal_metadata OWNER TO dxclrvaixvstmr;

--
-- Name: events; Type: TABLE; Schema: public; Owner: dxclrvaixvstmr
--

CREATE TABLE public.events (
    id bigint NOT NULL,
    held_on date,
    name character varying,
    created_at timestamp without time zone NOT NULL,
    updated_at timestamp without time zone NOT NULL
);


ALTER TABLE public.events OWNER TO dxclrvaixvstmr;

--
-- Name: events_id_seq; Type: SEQUENCE; Schema: public; Owner: dxclrvaixvstmr
--

CREATE SEQUENCE public.events_id_seq
    START WITH 1
    INCREMENT BY 1
    NO MINVALUE
    NO MAXVALUE
    CACHE 1;


ALTER TABLE public.events_id_seq OWNER TO dxclrvaixvstmr;

--
-- Name: events_id_seq; Type: SEQUENCE OWNED BY; Schema: public; Owner: dxclrvaixvstmr
--

ALTER SEQUENCE public.events_id_seq OWNED BY public.events.id;


--
-- Name: matches; Type: TABLE; Schema: public; Owner: dxclrvaixvstmr
--

CREATE TABLE public.matches (
    id bigint NOT NULL,
    team_id bigint NOT NULL,
    opponent_id integer NOT NULL,
    created_at timestamp without time zone NOT NULL,
    updated_at timestamp without time zone NOT NULL,
    qualifier_id integer,
    team_points integer,
    opponent_points integer,
    room_id integer
);


ALTER TABLE public.matches OWNER TO dxclrvaixvstmr;

--
-- Name: matches_id_seq; Type: SEQUENCE; Schema: public; Owner: dxclrvaixvstmr
--

CREATE SEQUENCE public.matches_id_seq
    START WITH 1
    INCREMENT BY 1
    NO MINVALUE
    NO MAXVALUE
    CACHE 1;


ALTER TABLE public.matches_id_seq OWNER TO dxclrvaixvstmr;

--
-- Name: matches_id_seq; Type: SEQUENCE OWNED BY; Schema: public; Owner: dxclrvaixvstmr
--

ALTER SEQUENCE public.matches_id_seq OWNED BY public.matches.id;


--
-- Name: qualifiers; Type: TABLE; Schema: public; Owner: dxclrvaixvstmr
--

CREATE TABLE public.qualifiers (
    id bigint NOT NULL,
    event_id bigint NOT NULL,
    round integer,
    order_of_match integer,
    created_at timestamp without time zone NOT NULL,
    updated_at timestamp without time zone NOT NULL
);


ALTER TABLE public.qualifiers OWNER TO dxclrvaixvstmr;

--
-- Name: qualifiers_id_seq; Type: SEQUENCE; Schema: public; Owner: dxclrvaixvstmr
--

CREATE SEQUENCE public.qualifiers_id_seq
    START WITH 1
    INCREMENT BY 1
    NO MINVALUE
    NO MAXVALUE
    CACHE 1;


ALTER TABLE public.qualifiers_id_seq OWNER TO dxclrvaixvstmr;

--
-- Name: qualifiers_id_seq; Type: SEQUENCE OWNED BY; Schema: public; Owner: dxclrvaixvstmr
--

ALTER SEQUENCE public.qualifiers_id_seq OWNED BY public.qualifiers.id;


--
-- Name: rooms; Type: TABLE; Schema: public; Owner: dxclrvaixvstmr
--

CREATE TABLE public.rooms (
    id bigint NOT NULL,
    event_id bigint,
    name character varying,
    created_at timestamp without time zone NOT NULL,
    updated_at timestamp without time zone NOT NULL,
    priority integer DEFAULT 0 NOT NULL
);


ALTER TABLE public.rooms OWNER TO dxclrvaixvstmr;

--
-- Name: rooms_id_seq; Type: SEQUENCE; Schema: public; Owner: dxclrvaixvstmr
--

CREATE SEQUENCE public.rooms_id_seq
    START WITH 1
    INCREMENT BY 1
    NO MINVALUE
    NO MAXVALUE
    CACHE 1;


ALTER TABLE public.rooms_id_seq OWNER TO dxclrvaixvstmr;

--
-- Name: rooms_id_seq; Type: SEQUENCE OWNED BY; Schema: public; Owner: dxclrvaixvstmr
--

ALTER SEQUENCE public.rooms_id_seq OWNED BY public.rooms.id;


--
-- Name: schema_migrations; Type: TABLE; Schema: public; Owner: dxclrvaixvstmr
--

CREATE TABLE public.schema_migrations (
    version character varying NOT NULL
);


ALTER TABLE public.schema_migrations OWNER TO dxclrvaixvstmr;

--
-- Name: teams; Type: TABLE; Schema: public; Owner: dxclrvaixvstmr
--

CREATE TABLE public.teams (
    id bigint NOT NULL,
    event_id bigint,
    name character varying,
    company_name character varying,
    created_at timestamp without time zone NOT NULL,
    updated_at timestamp without time zone NOT NULL,
    points integer DEFAULT 0 NOT NULL,
    rank integer DEFAULT 0 NOT NULL
);


ALTER TABLE public.teams OWNER TO dxclrvaixvstmr;

--
-- Name: teams_id_seq; Type: SEQUENCE; Schema: public; Owner: dxclrvaixvstmr
--

CREATE SEQUENCE public.teams_id_seq
    START WITH 1
    INCREMENT BY 1
    NO MINVALUE
    NO MAXVALUE
    CACHE 1;


ALTER TABLE public.teams_id_seq OWNER TO dxclrvaixvstmr;

--
-- Name: teams_id_seq; Type: SEQUENCE OWNED BY; Schema: public; Owner: dxclrvaixvstmr
--

ALTER SEQUENCE public.teams_id_seq OWNED BY public.teams.id;


--
-- Name: events id; Type: DEFAULT; Schema: public; Owner: dxclrvaixvstmr
--

ALTER TABLE ONLY public.events ALTER COLUMN id SET DEFAULT nextval('public.events_id_seq'::regclass);


--
-- Name: matches id; Type: DEFAULT; Schema: public; Owner: dxclrvaixvstmr
--

ALTER TABLE ONLY public.matches ALTER COLUMN id SET DEFAULT nextval('public.matches_id_seq'::regclass);


--
-- Name: qualifiers id; Type: DEFAULT; Schema: public; Owner: dxclrvaixvstmr
--

ALTER TABLE ONLY public.qualifiers ALTER COLUMN id SET DEFAULT nextval('public.qualifiers_id_seq'::regclass);


--
-- Name: rooms id; Type: DEFAULT; Schema: public; Owner: dxclrvaixvstmr
--

ALTER TABLE ONLY public.rooms ALTER COLUMN id SET DEFAULT nextval('public.rooms_id_seq'::regclass);


--
-- Name: teams id; Type: DEFAULT; Schema: public; Owner: dxclrvaixvstmr
--

ALTER TABLE ONLY public.teams ALTER COLUMN id SET DEFAULT nextval('public.teams_id_seq'::regclass);


--
-- Data for Name: ar_internal_metadata; Type: TABLE DATA; Schema: public; Owner: dxclrvaixvstmr
--

COPY public.ar_internal_metadata (key, value, created_at, updated_at) FROM stdin;
environment	production	2018-05-03 21:36:14.300973	2018-05-03 21:36:14.300973
\.


--
-- Data for Name: events; Type: TABLE DATA; Schema: public; Owner: dxclrvaixvstmr
--

COPY public.events (id, held_on, name, created_at, updated_at) FROM stdin;
1	2017-11-04	Splathon#6	2017-10-25 17:01:36.824488	2017-10-25 17:01:36.824488
2	2018-01-07	Splathon#7 新春イカ初め	2017-11-01 13:49:55.286895	2017-12-10 04:46:32.453616
3	2018-05-04	Splathon#8	2017-12-30 21:44:14.102072	2017-12-31 07:12:38.206179
4	2019-01-24	Splathon#9	2019-01-10 05:42:41.1125	2019-01-10 05:42:41.1125
\.


--
-- Data for Name: matches; Type: TABLE DATA; Schema: public; Owner: dxclrvaixvstmr
--

COPY public.matches (id, team_id, opponent_id, created_at, updated_at, qualifier_id, team_points, opponent_points, room_id) FROM stdin;
1190	15	1	2017-11-04 04:19:18.905056	2017-11-04 04:43:14.55005	55	0	3	\N
1191	20	22	2017-11-04 04:19:18.906988	2017-11-04 04:40:04.098497	55	0	3	\N
1192	2	14	2017-11-04 04:19:18.908751	2017-11-04 04:42:03.031762	55	3	0	\N
1193	5	11	2017-11-04 04:19:18.910241	2017-11-04 04:59:36.040629	55	3	0	\N
1194	19	3	2017-11-04 04:19:18.911627	2017-11-04 05:01:25.37375	55	0	3	\N
1195	18	23	2017-11-04 04:19:18.913052	2017-11-04 04:58:22.028684	55	0	3	\N
1196	7	6	2017-11-04 04:19:18.914463	2017-11-04 05:11:01.017762	55	3	0	\N
1197	12	4	2017-11-04 04:19:18.916934	2017-11-04 05:13:40.617993	55	0	3	\N
1198	9	24	2017-11-04 04:19:18.919077	2017-11-04 05:20:24.583039	55	1	1	\N
1199	10	21	2017-11-04 04:19:18.920656	2017-11-04 05:33:59.498492	55	1	1	\N
1200	8	16	2017-11-04 04:19:18.922372	2017-11-04 05:32:34.15255	55	0	3	\N
1201	17	13	2017-11-04 04:19:18.92434	2017-11-04 05:38:36.43655	55	0	3	\N
1202	12	6	2017-11-04 05:38:59.01114	2017-11-04 05:57:31.130597	56	1	1	\N
1203	18	8	2017-11-04 05:38:59.014665	2017-11-04 05:53:33.259578	56	0	3	\N
1204	17	11	2017-11-04 05:38:59.01936	2017-11-04 06:12:06.655123	56	3	0	\N
1205	20	15	2017-11-04 05:38:59.022498	2017-11-04 05:57:37.795539	56	0	3	\N
1206	19	14	2017-11-04 05:38:59.024882	2017-11-04 06:15:30.858916	56	1	1	\N
1207	10	9	2017-11-04 05:38:59.0262	2017-11-04 06:15:32.347791	56	1	1	\N
1208	24	21	2017-11-04 05:38:59.027351	2017-11-04 06:27:46.05184	56	1	1	\N
1209	16	7	2017-11-04 05:38:59.029122	2017-11-04 06:30:10.084402	56	3	0	\N
1210	4	5	2017-11-04 05:38:59.030375	2017-11-04 06:34:36.303787	56	1	1	\N
1211	1	3	2017-11-04 05:38:59.031539	2017-11-04 06:39:42.800938	56	3	0	\N
1212	23	13	2017-11-04 05:38:59.032664	2017-11-04 06:46:35.895923	56	0	3	\N
1213	22	2	2017-11-04 05:38:59.033884	2017-11-04 06:52:11.168921	56	1	1	\N
1214	11	18	2017-11-04 06:52:32.429913	2017-11-04 07:05:24.530739	57	3	0	\N
1215	20	6	2017-11-04 06:52:32.431689	2017-11-04 07:08:35.428109	57	1	1	\N
1216	14	12	2017-11-04 06:52:32.433399	2017-11-04 07:08:30.15736	57	3	0	\N
1217	19	9	2017-11-04 06:52:32.434682	2017-11-04 07:27:10.90011	57	1	1	\N
1218	10	24	2017-11-04 06:52:32.435806	2017-11-04 07:34:12.34396	57	0	3	\N
1219	21	17	2017-11-04 06:52:32.43746	2017-11-04 07:27:21.176185	57	3	0	\N
1220	7	3	2017-11-04 06:52:32.440144	2017-11-04 07:43:41.245188	57	1	1	\N
1221	15	8	2017-11-04 06:52:32.441608	2017-11-04 07:40:13.601863	57	0	3	\N
1222	23	2	2017-11-04 06:52:32.442826	2017-11-04 07:54:11.6355	57	1	1	\N
1223	22	4	2017-11-04 06:52:32.443972	2017-11-04 07:56:29.707301	57	0	3	\N
1224	5	1	2017-11-04 06:52:32.445118	2017-11-04 07:57:22.752314	57	0	3	\N
1225	13	16	2017-11-04 06:52:32.446251	2017-11-04 08:14:27.67521	57	1	1	\N
1297	45	41	2018-01-07 02:05:28.187955	2018-01-07 02:37:28.103441	59	0	3	1
1298	32	28	2018-01-07 02:05:28.200098	2018-01-07 03:02:13.362265	59	0	3	1
1299	36	37	2018-01-07 02:05:28.210518	2018-01-07 03:21:19.381153	59	3	0	1
1300	31	34	2018-01-07 02:05:28.220564	2018-01-07 03:36:18.278857	59	0	3	1
1301	46	47	2018-01-07 02:05:28.230478	2018-01-07 02:35:06.284137	59	3	0	3
1302	25	40	2018-01-07 02:05:28.240679	2018-01-07 02:35:35.573738	59	0	3	2
1303	38	42	2018-01-07 02:05:28.255933	2018-01-07 03:12:25.32569	59	0	3	3
1304	43	30	2018-01-07 02:05:28.266154	2018-01-07 02:55:21.990435	59	1	1	2
1305	26	44	2018-01-07 02:05:28.277505	2018-01-07 02:50:50.942316	59	3	0	3
1306	35	48	2018-01-07 02:05:28.288264	2018-01-07 03:15:11.371994	59	1	1	2
1307	27	39	2018-01-07 02:05:28.298443	2018-01-07 03:33:00.606137	59	3	0	3
1308	29	33	2018-01-07 02:05:28.3081	2018-01-07 03:27:20.425655	59	3	0	2
1333	25	32	2018-01-07 03:39:17.02148	2018-01-07 03:59:42.486764	60	3	0	3
1334	38	31	2018-01-07 03:39:17.031751	2018-01-07 03:59:50.263233	60	1	1	2
1335	44	39	2018-01-07 03:39:17.043158	2018-01-07 04:03:00.583042	60	1	1	1
1336	37	45	2018-01-07 03:39:17.05355	2018-01-07 04:16:18.835862	60	0	3	3
1337	47	33	2018-01-07 03:39:17.064061	2018-01-07 04:25:12.768889	60	3	0	1
1338	35	43	2018-01-07 03:39:17.0776	2018-01-07 04:46:18.502433	60	1	1	1
1339	48	30	2018-01-07 03:39:17.092116	2018-01-07 05:01:47.762046	60	3	0	1
1340	40	41	2018-01-07 03:39:17.108043	2018-01-07 04:35:52.434498	60	1	1	3
1341	28	34	2018-01-07 03:39:17.123684	2018-01-07 04:17:39.900717	60	0	3	2
1342	29	42	2018-01-07 03:39:17.137817	2018-01-07 04:52:30.80088	60	0	3	3
1343	36	26	2018-01-07 03:39:17.151528	2018-01-07 04:40:03.692902	60	3	0	2
1344	46	27	2018-01-07 03:39:17.166318	2018-01-07 04:57:20.035757	60	1	1	2
1513	33	37	2018-01-07 05:07:06.181593	2018-01-07 05:30:40.99879	61	0	3	2
1514	32	44	2018-01-07 05:07:06.191738	2018-01-07 05:31:15.494704	61	3	0	3
1515	31	30	2018-01-07 05:07:06.201478	2018-01-07 05:44:46.07948	61	3	0	2
1516	38	43	2018-01-07 05:07:06.210988	2018-01-07 05:30:30.091702	61	3	0	1
1517	35	39	2018-01-07 05:07:06.220394	2018-01-07 05:46:55.256326	61	3	0	3
1518	45	26	2018-01-07 05:07:06.229713	2018-01-07 05:53:24.868784	61	0	3	1
1519	25	47	2018-01-07 05:07:06.238787	2018-01-07 06:09:56.273037	61	3	0	1
1520	28	29	2018-01-07 05:07:06.248098	2018-01-07 06:04:22.76904	61	1	1	3
1521	46	40	2018-01-07 05:07:06.257418	2018-01-07 06:31:21.029007	61	3	0	1
1522	41	27	2018-01-07 05:07:06.267357	2018-01-07 06:03:37.008658	61	3	0	2
1523	48	42	2018-01-07 05:07:06.277035	2018-01-07 06:19:17.859281	61	0	3	3
1524	36	34	2018-01-07 05:07:06.286931	2018-01-07 06:24:53.028383	61	1	1	2
1525	33	44	2018-01-07 06:32:51.973422	2018-01-07 06:54:55.383621	62	1	1	1
1526	30	39	2018-01-07 06:32:51.974737	2018-01-07 06:54:52.443928	62	0	3	3
1527	43	37	2018-01-07 06:32:51.975908	2018-01-07 06:58:49.583101	62	1	1	2
1528	45	32	2018-01-07 06:32:51.977079	2018-01-07 07:11:41.31794	62	1	1	3
1529	47	48	2018-01-07 06:32:51.97825	2018-01-07 07:19:49.325721	62	1	1	2
1530	29	31	2018-01-07 06:32:51.979477	2018-01-07 07:09:58.948926	62	0	3	1
1531	28	40	2018-01-07 06:32:51.980643	2018-01-07 07:36:56.957084	62	0	3	2
1532	38	27	2018-01-07 06:32:51.981811	2018-01-07 07:57:06.791936	62	1	1	2
1533	35	26	2018-01-07 06:32:51.983022	2018-01-07 07:31:04.199904	62	0	3	3
1534	25	46	2018-01-07 06:32:51.984192	2018-01-07 07:46:07.07583	62	0	3	3
1535	36	41	2018-01-07 06:32:51.985388	2018-01-07 07:38:38.784518	62	1	1	1
1536	34	42	2018-01-07 06:32:51.986585	2018-01-07 07:57:01.140326	62	3	0	1
1541	60	63	2018-05-04 00:23:23.678766	2018-05-04 03:45:53.730627	63	1	1	6
1540	52	57	2018-05-04 00:23:23.672804	2018-05-04 03:28:38.658856	63	1	1	7
1538	53	61	2018-05-04 00:23:23.649841	2018-05-04 03:34:27.710233	63	0	3	4
1572	66	59	2018-05-04 05:00:37.684559	2018-05-04 05:23:32.118987	65	3	0	7
1571	71	68	2018-05-04 05:00:37.680446	2018-05-04 05:25:51.884856	65	1	1	5
1567	49	55	2018-05-04 05:00:37.665771	2018-05-04 05:33:47.772415	65	1	1	6
1570	56	53	2018-05-04 05:00:37.676889	2018-05-04 05:40:55.672577	65	3	0	5
1563	51	54	2018-05-04 05:00:37.645867	2018-05-04 05:47:30.283787	65	3	0	4
1562	58	52	2018-05-04 05:00:37.641508	2018-05-04 05:48:54.270026	65	3	0	6
1566	64	62	2018-05-04 05:00:37.662171	2018-05-04 05:50:47.431747	65	0	3	5
1548	68	69	2018-05-04 00:23:23.729805	2018-05-04 02:42:05.22456	63	0	3	5
1546	67	54	2018-05-04 00:23:23.713225	2018-05-04 02:52:04.401878	63	0	3	7
1547	71	65	2018-05-04 00:23:23.722652	2018-05-04 02:52:19.363413	63	0	3	6
1545	59	72	2018-05-04 00:23:23.709479	2018-05-04 03:07:41.430198	63	0	3	5
1543	64	55	2018-05-04 00:23:23.693501	2018-05-04 03:08:00.91352	63	0	3	7
1539	62	56	2018-05-04 00:23:23.668749	2018-05-04 03:08:09.049403	63	3	0	4
1544	70	51	2018-05-04 00:23:23.701164	2018-05-04 03:12:21.55958	63	1	1	6
1542	66	49	2018-05-04 00:23:23.68392	2018-05-04 03:40:30.060933	63	0	3	5
1537	58	50	2018-05-04 00:23:23.641114	2018-05-04 03:50:15.299628	63	3	0	4
1568	57	60	2018-05-04 05:00:37.669357	2018-05-04 05:51:34.371832	65	3	0	7
1561	69	61	2018-05-04 05:00:37.637029	2018-05-04 06:00:09.45042	65	0	3	4
1565	65	67	2018-05-04 05:00:37.65607	2018-05-04 06:04:33.884176	65	3	0	7
1559	67	68	2018-05-04 03:52:08.2353	2018-05-04 04:11:28.698217	64	3	0	6
1560	64	59	2018-05-04 03:52:08.238356	2018-05-04 04:12:04.064977	64	3	0	5
1558	51	71	2018-05-04 03:52:08.224138	2018-05-04 04:17:27.98117	64	3	0	7
1552	63	57	2018-05-04 03:52:08.199155	2018-05-04 04:29:16.067205	64	1	1	4
1556	72	65	2018-05-04 03:52:08.213026	2018-05-04 04:30:35.533523	64	1	1	6
1553	52	66	2018-05-04 03:52:08.202807	2018-05-04 04:35:58.16009	64	3	0	7
1557	55	70	2018-05-04 03:52:08.220974	2018-05-04 04:36:02.557786	64	0	3	5
1555	53	54	2018-05-04 03:52:08.209198	2018-05-04 04:47:43.531307	64	1	1	6
1551	69	60	2018-05-04 03:52:08.196023	2018-05-04 04:50:45.923027	64	3	0	4
1549	58	62	2018-05-04 03:52:08.18502	2018-05-04 04:56:13.848905	64	3	0	4
1554	50	56	2018-05-04 03:52:08.205849	2018-05-04 04:57:00.99955	64	1	1	5
1550	49	61	2018-05-04 03:52:08.192571	2018-05-04 05:00:27.231989	64	0	3	7
1569	63	50	2018-05-04 05:00:37.673201	2018-05-04 05:16:09.341138	65	0	3	6
1564	70	72	2018-05-04 05:00:37.651763	2018-05-04 05:20:12.56518	65	1	1	4
1582	63	68	2018-05-04 06:04:42.227285	2018-05-04 06:21:03.022619	66	3	0	5
1583	53	60	2018-05-04 06:04:42.24174	2018-05-04 06:24:24.25263	66	3	0	6
1584	71	59	2018-05-04 06:04:42.246927	2018-05-04 06:31:36.692856	66	3	0	4
1579	54	55	2018-05-04 06:04:42.205881	2018-05-04 06:31:46.902682	66	1	1	7
1576	57	72	2018-05-04 06:04:42.189745	2018-05-04 06:37:43.997048	66	1	1	7
1580	56	64	2018-05-04 06:04:42.214587	2018-05-04 06:37:51.271873	66	3	0	6
1578	50	49	2018-05-04 06:04:42.201854	2018-05-04 06:43:18.901569	66	3	0	5
1581	67	66	2018-05-04 06:04:42.219644	2018-05-04 06:45:59.807767	66	0	3	4
1573	61	58	2018-05-04 06:04:42.173531	2018-05-04 07:02:45.577483	66	1	1	4
1575	62	69	2018-05-04 06:04:42.182463	2018-05-04 07:02:50.533373	66	3	0	5
1574	65	51	2018-05-04 06:04:42.178503	2018-05-04 07:03:13.85569	66	3	0	7
1577	70	52	2018-05-04 06:04:42.19578	2018-05-04 07:03:49.416909	66	0	3	6
\.


--
-- Data for Name: qualifiers; Type: TABLE DATA; Schema: public; Owner: dxclrvaixvstmr
--

COPY public.qualifiers (id, event_id, round, order_of_match, created_at, updated_at) FROM stdin;
55	1	1	\N	2017-11-04 04:19:18.90368	2017-11-04 04:19:18.90368
56	1	2	\N	2017-11-04 05:38:59.009528	2017-11-04 05:38:59.009528
57	1	3	\N	2017-11-04 06:52:32.427456	2017-11-04 06:52:32.427456
59	2	1	\N	2018-01-07 01:56:25.667765	2018-01-07 01:56:25.667765
60	2	2	\N	2018-01-07 03:39:05.369006	2018-01-07 03:39:05.369006
61	2	3	\N	2018-01-07 05:04:32.848462	2018-01-07 05:04:32.848462
62	2	4	\N	2018-01-07 06:32:51.972359	2018-01-07 06:32:51.972359
63	3	1	\N	2018-05-04 00:23:23.633754	2018-05-04 00:23:23.633754
64	3	2	\N	2018-05-04 03:52:08.181753	2018-05-04 03:52:08.181753
65	3	3	\N	2018-05-04 05:00:37.631495	2018-05-04 05:00:37.631495
66	3	4	\N	2018-05-04 06:04:42.168717	2018-05-04 06:04:42.168717
\.


--
-- Data for Name: rooms; Type: TABLE DATA; Schema: public; Owner: dxclrvaixvstmr
--

COPY public.rooms (id, event_id, name, created_at, updated_at, priority) FROM stdin;
1	2	AB卓	2017-12-31 07:10:09.562895	2018-01-06 22:30:03.466512	1
2	2	CD卓	2017-12-31 07:10:21.727399	2018-01-06 22:30:31.825457	0
3	2	EF卓	2017-12-31 07:10:26.593138	2018-01-06 22:30:43.105395	0
4	3	AB卓	2018-04-28 06:01:37.435044	2018-04-28 06:01:37.435044	1
5	3	CD卓	2018-04-28 06:01:44.034294	2018-04-28 06:01:44.034294	0
6	3	EF卓	2018-04-28 06:01:49.273484	2018-04-28 06:01:49.273484	0
7	3	GH卓	2018-04-28 06:01:55.003988	2018-04-28 06:01:55.003988	0
\.


--
-- Data for Name: schema_migrations; Type: TABLE DATA; Schema: public; Owner: dxclrvaixvstmr
--

COPY public.schema_migrations (version) FROM stdin;
20171022051157
20171022165635
20171023124002
20171024122549
20171024160950
20171025134744
20171028065307
20171029002705
20171029102022
20171103210105
20171210051553
20171210135233
20171230213829
20171230222249
20180106184244
20180425172816
\.


--
-- Data for Name: teams; Type: TABLE DATA; Schema: public; Owner: dxclrvaixvstmr
--

COPY public.teams (id, event_id, name, company_name, created_at, updated_at, points, rank) FROM stdin;
1	1	負けたらhakuriさんGEO行って	Meryeself	2017-10-26 16:44:57.924028	2017-11-04 07:57:22.761941	9	0
2	1	SFC	Cygames	2017-10-27 04:26:33.322218	2017-11-04 07:54:11.646504	5	0
3	1	中間搾取株式会社	Google 合同会社 + 株式会社中間搾取	2017-10-27 04:29:14.562394	2017-11-04 07:43:41.257967	4	0
4	1	スパショは強い！	しくみ製作所	2017-10-27 04:29:25.155812	2017-11-04 07:56:29.716521	7	0
5	1	ビズリイカ	BizReach	2017-10-27 04:42:51.315885	2017-11-04 06:34:36.319137	4	0
6	1	ⒸUTA☆BL-R PROJECT	BookLive	2017-10-27 14:02:27.456328	2017-11-04 07:08:35.439073	2	0
7	1	サイトオペαチーム	Yahoo! JAPAN	2017-10-27 14:02:43.992385	2017-11-04 07:43:41.252345	4	0
8	1	4シャケ連号	Treasure Data, SQUARE ENIX, NRI, Money Forward	2017-10-27 14:02:57.856216	2017-11-04 07:40:13.612036	6	0
9	1	イカクロ	インテリジェントネット株式会社、株式会社オズ	2017-11-02 13:42:08.810794	2017-11-04 07:27:10.912824	3	0
10	1	デカLINE	LINE	2017-11-02 14:00:09.804148	2017-11-04 06:15:32.354961	2	0
11	1	イカネット	株式会社マイネット	2017-11-02 14:01:28.782442	2017-11-04 07:05:24.536491	3	0
12	1	スペースイカベーダー	株式会社タイトー、株式会社セガ・インタラクティブ	2017-11-02 14:03:41.839698	2017-11-04 05:57:31.138483	1	0
13	1	KD2016	カドカワ	2017-11-02 14:04:49.11035	2017-11-04 08:14:27.681593	7	0
14	1	コレハ小麦粉カ何カダ。〜プロコンに白い粉をまく仕事〜	日本テレビ	2017-11-02 14:13:20.62662	2017-11-04 07:08:30.164453	4	0
15	1	 Splathon女子部	フリーランス、ケイブ、リクルートHD、あとなんだっけ。。。	2017-11-02 14:17:34.588798	2017-11-04 05:57:37.807272	3	0
16	1	CabinAttendantではない	CyberAgent	2017-11-02 14:25:15.1903	2017-11-04 08:14:27.685845	7	0
17	1	イカ部（く）	ドワンゴ	2017-11-02 14:26:11.532452	2017-11-04 06:12:06.660851	3	0
18	1	夏衣(カイ)とイカ	PicApp	2017-11-02 14:37:44.117413	2017-11-04 03:23:44.531653	0	0
19	1	 すぴー塗装	Speee	2017-11-02 14:42:44.256266	2017-11-04 07:27:10.907481	2	0
20	1	スクイッ堂	Hakuhodo	2017-11-02 14:43:07.358706	2017-11-04 07:08:35.43484	1	0
21	1	クマサン商会	IkaLogコントリビュータ集団	2017-11-02 14:46:43.607235	2017-11-04 07:27:21.181517	5	0
22	1	筋肉3.9	ピクシブ株式会社	2017-11-02 14:47:52.818256	2017-11-04 06:52:11.174009	4	0
23	1	念のため会社にはSwitchを持っていく	株式会社ピクセルグリッド	2017-11-02 14:48:21.29147	2017-11-04 07:54:11.641265	4	0
24	1	補欠	補欠	2017-11-02 14:58:38.814784	2017-11-04 07:34:12.35196	5	0
25	2	スクイッ堂		2017-12-31 07:11:08.941351	2018-01-07 06:09:56.304934	6	0
26	2	ビズリイカ	BizReach	2017-12-31 07:11:20.452734	2018-01-07 07:31:04.223407	9	0
27	2	デカLINE	LINE	2017-12-31 07:11:29.886703	2018-01-07 07:57:06.806828	5	0
28	2	アマイイカ	Donuts	2017-12-31 07:11:45.124928	2018-01-07 06:04:22.776704	4	0
29	2	Cytoon	Cygames	2017-12-31 07:12:04.571258	2018-01-07 06:04:22.783299	4	0
30	2	イカネット	マイネットグループ	2017-12-31 07:12:13.727984	2018-01-07 05:05:11.815462	1	0
31	2	あさりです しるしるー	しくみ製作所	2017-12-31 07:14:10.404911	2018-01-07 07:09:58.964831	7	0
32	2	すげーイカ	Adways	2017-12-31 07:14:19.761375	2018-01-07 07:11:41.339668	4	0
33	2	ikaスタジオ	DATUM STUDIO	2017-12-31 09:09:04.549369	2018-01-07 06:54:55.392502	1	0
34	2	都立道玄坂高校iCA部	CyberAgent	2017-12-31 09:09:13.86284	2018-01-07 07:57:01.148163	10	0
35	2	Ajitoon	VOYAGE GROUP	2017-12-31 09:11:22.961549	2018-01-07 05:46:55.263947	5	0
36	2	く	dwango	2017-12-31 09:11:22.965789	2018-01-07 07:38:38.796015	8	0
37	2	スペースイカベーダー	タイトー有志の会	2017-12-31 09:11:22.968531	2018-01-07 06:58:49.600187	4	0
38	2	【イカ のレシピ 20,410品】	cookpad	2017-12-31 09:11:22.971254	2018-01-07 07:57:06.799997	5	0
39	2	青いR	リクルート	2017-12-31 09:11:22.974403	2018-01-07 06:54:52.456839	4	0
40	2	セガサトゥーン	セガグループ	2017-12-31 09:11:22.977391	2018-01-07 07:36:56.969832	7	0
41	2	グーグルが丘団地	Googleイカ部	2017-12-31 09:11:22.980473	2018-01-07 07:38:38.806452	8	0
42	2	プロモデラーYJ	ヤフー株式会社	2017-12-31 09:11:22.984558	2018-01-07 06:19:17.869889	9	0
43	2	1日1万回感謝のクイボ	PicApp	2017-12-31 09:11:22.988311	2018-01-07 06:58:49.592094	3	0
44	2	ヌリカエ	Speee	2017-12-31 09:11:22.991331	2018-01-07 06:54:55.400175	2	0
45	2	念のため会社にはSwitchドックを設置している	ピクセルグリッド	2017-12-31 09:11:22.99536	2018-01-07 07:11:41.328737	4	0
46	2	とらふぐ食べたいンゴｗｗｗｗｗ	NHN PlayArt	2017-12-31 09:11:22.998662	2018-01-07 07:46:07.087481	10	0
47	2	イカクロ	インテリジェントネット株式会社	2017-12-31 09:11:23.001496	2018-01-07 07:19:49.34074	4	0
48	2	cave塗ります	Cave	2017-12-31 09:11:23.00446	2018-01-07 07:19:49.353589	5	0
59	3	イカクロ	INI	2018-04-28 05:31:45.214691	2018-04-28 05:31:45.214691	0	0
69	3	あわさんにおんぶにだっこ	即席	2018-04-28 05:39:40.317139	2018-05-04 04:50:45.968275	6	1
57	3	Ajitoon	VOYAGE GROUP	2018-04-28 05:29:48.073527	2018-05-04 06:37:44.014781	6	1
53	3	ミランドラproject	Hakuhodo	2018-04-28 05:19:51.66761	2018-05-04 06:24:24.276085	4	1
50	3	【値下げ交渉可】赤ザップ	メルカリ	2018-04-28 05:16:47.686281	2018-05-04 06:43:18.917608	7	1
72	3	デカLINE	LINE	2018-04-28 05:40:54.379366	2018-05-04 06:37:44.033495	6	0
71	3	チームPicApp	ピックアップ	2018-04-28 05:40:38.859955	2018-05-04 06:31:36.719849	4	0
58	3	無	ドワンゴ	2018-04-28 05:30:29.452629	2018-05-04 07:02:45.61884	10	1
56	3	bizreaca	ビズリーチ	2018-04-28 05:22:15.542168	2018-05-04 06:37:51.293006	7	1
61	3	都立道玄坂高校タコ部（仮）	サイバーエージェント	2018-04-28 05:33:42.615054	2018-05-04 07:02:45.597857	10	1
66	3	OKはやぶさ（返事がない）	Google	2018-04-28 05:36:45.834363	2018-05-04 06:45:59.839679	6	1
65	3	がん☆あつ	富士ゼロックス	2018-04-28 05:36:23.310742	2018-05-04 07:03:13.875338	10	0
60	3	すげーイカ	アドウェイズ	2018-04-28 05:32:32.719169	2018-05-04 03:45:53.76769	1	1
70	3	頭文字D	DeNA	2018-04-28 05:39:58.511523	2018-05-04 05:20:12.606863	5	0
67	3	雲丹亭	Unity	2018-04-28 05:38:30.639955	2018-05-04 04:11:28.719259	3	0
64	3	イカツキ	アカツキ	2018-04-28 05:36:00.731291	2018-05-04 04:12:04.08418	3	0
62	3	しくみ＆セガ連合かっこかり	しくみ製作所	2018-04-28 05:34:33.16597	2018-05-04 07:02:50.550008	9	1
52	3	国民健康保険ズ	フリーランス	2018-04-28 05:18:26.353392	2018-05-04 07:03:49.491383	7	1
51	3	住まイカんぱにー	リクルート住まいカンパニー	2018-04-28 05:17:35.674479	2018-05-04 05:47:30.308718	7	0
54	3	セルシスイカ部（仮）	セルシス	2018-04-28 05:21:04.269011	2018-05-04 06:31:46.935233	5	0
68	3	DMM.ika	DMM.com	2018-04-28 05:38:58.922572	2018-05-04 05:25:51.945944	1	0
49	3	アマイイカ	Donuts	2018-04-28 05:15:11.226455	2018-05-04 05:33:47.801748	4	1
55	3	KLaken	KLab	2018-04-28 05:21:44.330989	2018-05-04 06:31:47.00213	5	0
63	3	倒れる様にマンメンミ	ピクシブ	2018-04-28 05:35:30.497682	2018-05-04 06:21:03.054785	5	1
\.


--
-- Name: events_id_seq; Type: SEQUENCE SET; Schema: public; Owner: dxclrvaixvstmr
--

SELECT pg_catalog.setval('public.events_id_seq', 4, true);


--
-- Name: matches_id_seq; Type: SEQUENCE SET; Schema: public; Owner: dxclrvaixvstmr
--

SELECT pg_catalog.setval('public.matches_id_seq', 1584, true);


--
-- Name: qualifiers_id_seq; Type: SEQUENCE SET; Schema: public; Owner: dxclrvaixvstmr
--

SELECT pg_catalog.setval('public.qualifiers_id_seq', 66, true);


--
-- Name: rooms_id_seq; Type: SEQUENCE SET; Schema: public; Owner: dxclrvaixvstmr
--

SELECT pg_catalog.setval('public.rooms_id_seq', 7, true);


--
-- Name: teams_id_seq; Type: SEQUENCE SET; Schema: public; Owner: dxclrvaixvstmr
--

SELECT pg_catalog.setval('public.teams_id_seq', 72, true);


--
-- Name: ar_internal_metadata ar_internal_metadata_pkey; Type: CONSTRAINT; Schema: public; Owner: dxclrvaixvstmr
--

ALTER TABLE ONLY public.ar_internal_metadata
    ADD CONSTRAINT ar_internal_metadata_pkey PRIMARY KEY (key);


--
-- Name: events events_pkey; Type: CONSTRAINT; Schema: public; Owner: dxclrvaixvstmr
--

ALTER TABLE ONLY public.events
    ADD CONSTRAINT events_pkey PRIMARY KEY (id);


--
-- Name: matches matches_pkey; Type: CONSTRAINT; Schema: public; Owner: dxclrvaixvstmr
--

ALTER TABLE ONLY public.matches
    ADD CONSTRAINT matches_pkey PRIMARY KEY (id);


--
-- Name: qualifiers qualifiers_pkey; Type: CONSTRAINT; Schema: public; Owner: dxclrvaixvstmr
--

ALTER TABLE ONLY public.qualifiers
    ADD CONSTRAINT qualifiers_pkey PRIMARY KEY (id);


--
-- Name: rooms rooms_pkey; Type: CONSTRAINT; Schema: public; Owner: dxclrvaixvstmr
--

ALTER TABLE ONLY public.rooms
    ADD CONSTRAINT rooms_pkey PRIMARY KEY (id);


--
-- Name: schema_migrations schema_migrations_pkey; Type: CONSTRAINT; Schema: public; Owner: dxclrvaixvstmr
--

ALTER TABLE ONLY public.schema_migrations
    ADD CONSTRAINT schema_migrations_pkey PRIMARY KEY (version);


--
-- Name: teams teams_pkey; Type: CONSTRAINT; Schema: public; Owner: dxclrvaixvstmr
--

ALTER TABLE ONLY public.teams
    ADD CONSTRAINT teams_pkey PRIMARY KEY (id);


--
-- Name: index_events_on_held_on; Type: INDEX; Schema: public; Owner: dxclrvaixvstmr
--

CREATE INDEX index_events_on_held_on ON public.events USING btree (held_on);


--
-- Name: index_matches_on_opponent_id; Type: INDEX; Schema: public; Owner: dxclrvaixvstmr
--

CREATE INDEX index_matches_on_opponent_id ON public.matches USING btree (opponent_id);


--
-- Name: index_matches_on_team_id; Type: INDEX; Schema: public; Owner: dxclrvaixvstmr
--

CREATE INDEX index_matches_on_team_id ON public.matches USING btree (team_id);


--
-- Name: index_qualifiers_on_event_id; Type: INDEX; Schema: public; Owner: dxclrvaixvstmr
--

CREATE INDEX index_qualifiers_on_event_id ON public.qualifiers USING btree (event_id);


--
-- Name: index_rooms_on_event_id; Type: INDEX; Schema: public; Owner: dxclrvaixvstmr
--

CREATE INDEX index_rooms_on_event_id ON public.rooms USING btree (event_id);


--
-- Name: index_teams_on_event_id; Type: INDEX; Schema: public; Owner: dxclrvaixvstmr
--

CREATE INDEX index_teams_on_event_id ON public.teams USING btree (event_id);


--
-- Name: rooms fk_rails_aad715f1d9; Type: FK CONSTRAINT; Schema: public; Owner: dxclrvaixvstmr
--

ALTER TABLE ONLY public.rooms
    ADD CONSTRAINT fk_rails_aad715f1d9 FOREIGN KEY (event_id) REFERENCES public.events(id);


--
-- Name: LANGUAGE plpgsql; Type: ACL; Schema: -; Owner: postgres
--

GRANT ALL ON LANGUAGE plpgsql TO dxclrvaixvstmr;


--
-- PostgreSQL database dump complete
--

